{"success":true,"data":{"ResultState":true,"ProcesoId":169,"NumFactura":"CN311708","CodigoUnicoValidacion":"e20e531fb25272ca6351234b027f9c612bfff7ee611a0a2077e1c7174a3f2551f1112d85cbc5aaa4f2d8ef012184131b","FechaRadicacion":"2024-10-02T19:15:18.7942927+00:00","RutaArchivos":null,"ResultadosValidacion":[{"Clase":"NOTIFICACION","Codigo":"RVC017","Descripcion":"El c\u00f3digo CUPS informado no corresponde a un CUPS para la cobertura o plan de beneficios informada en la factura electr\u00f3nica de venta.","Observaciones":"Verificar tabla de referencia Dato (890283)","PathFuente":"usuarios[0].servicios.consultas[0].codConsulta","Fuente":"Rips"},{"Clase":"NOTIFICACION","Codigo":"RVC019","Descripcion":"El c\u00f3digo CUPS informado no corresponde a un c\u00f3digo relacionado con el c\u00f3digo de la Clasificaci\u00f3n Internacional de Enfermedades \u2013 CIE.","Observaciones":"Verificar tabla de referencia Dato (890283)","PathFuente":"usuarios[0].servicios.consultas[0].codConsulta","Fuente":"Rips"},{"Clase":"NOTIFICACION","Codigo":"RVC059","Descripcion":"El c\u00f3digo CUPS informado no se encuentra relacionado seg\u00fan el grupo de servicio, servicio, finalidad o causa.","Observaciones":"Verificar tabla de referencia CodConsulta (890283) - Finalidad (15)","PathFuente":"usuarios[0].servicios.consultas[0].codConsulta","Fuente":"Rips"}]}}