{"success":true,"data":{"ResultState":true,"ProcesoId":184,"NumFactura":"CN311709","CodigoUnicoValidacion":"144aac2f727885c56b3c9ffb4ff73f47e459a5dc66958a8a253cd85a8910a7cfa0779f3388d806b586bfddc025e5b6ba","FechaRadicacion":"2024-10-07T16:19:49.0405185+00:00","RutaArchivos":null,"ResultadosValidacion":[{"Clase":"NOTIFICACION","Codigo":"RVC017","Descripcion":"El c\u00f3digo CUPS informado no corresponde a un CUPS para la cobertura o plan de beneficios informada en la factura electr\u00f3nica de venta.","Observaciones":"Verificar tabla de referencia Dato (890247)","PathFuente":"usuarios[0].servicios.consultas[0].codConsulta","Fuente":"Rips"},{"Clase":"NOTIFICACION","Codigo":"RVC019","Descripcion":"El c\u00f3digo CUPS informado no corresponde a un c\u00f3digo relacionado con el c\u00f3digo de la Clasificaci\u00f3n Internacional de Enfermedades \u2013 CIE.","Observaciones":"Verificar tabla de referencia Dato (890247)","PathFuente":"usuarios[0].servicios.consultas[0].codConsulta","Fuente":"Rips"},{"Clase":"NOTIFICACION","Codigo":"RVC059","Descripcion":"El c\u00f3digo CUPS informado no se encuentra relacionado seg\u00fan el grupo de servicio, servicio, finalidad o causa.","Observaciones":"Verificar tabla de referencia CodConsulta (890247) - Finalidad (15)","PathFuente":"usuarios[0].servicios.consultas[0].codConsulta","Fuente":"Rips"}]}}